He_Stutters_Podcast_–_Make_Room_For_The_Stuttering,episode-208-with-kelsey-h,https://stutterrockstar.files.wordpress.com/2011/05/male-episode-1-with-alan1.mp3,HeStutters,0,Done,0
He_Stutters_Podcast_–_Make_Room_For_The_Stuttering,episode-208-with-kelsey-h,https://stutterrockstar.files.wordpress.com/2012/04/male-episode-10-with-landon.mp3,HeStutters,1,Done,1
He_Stutters_Podcast_–_Make_Room_For_The_Stuttering,episode-208-with-kelsey-h,https://stutterrockstar.files.wordpress.com/2012/05/male-episode-11-with-frank.mp3,HeStutters,2,Done,2
He_Stutters_Podcast_–_Make_Room_For_The_Stuttering,episode-208-with-kelsey-h,https://stutterrockstar.files.wordpress.com/2012/05/male-episode-12-with-lott1.mp3,HeStutters,3,Done,3
He_Stutters_Podcast_–_Make_Room_For_The_Stuttering,episode-208-with-kelsey-h,https://stutterrockstar.files.wordpress.com/2012/06/male-episode-13-with-juan-ali.mp3,HeStutters,4,Done,4
He_Stutters_Podcast_–_Make_Room_For_The_Stuttering,episode-208-with-kelsey-h,https://stutterrockstar.files.wordpress.com/2012/08/male-episode-14-with-grant.mp3,HeStutters,5,Done,5
He_Stutters_Podcast_–_Make_Room_For_The_Stuttering,episode-208-with-kelsey-h,https://stutterrockstar.files.wordpress.com/2012/08/male-episode-15-with-hanan.mp3,HeStutters,6,Done,6
He_Stutters_Podcast_–_Make_Room_For_The_Stuttering,episode-208-with-kelsey-h,https://stutterrockstar.files.wordpress.com/2012/09/male-episode-16-with-geoff.mp3,HeStutters,7,Done,7
He_Stutters_Podcast_–_Make_Room_For_The_Stuttering,episode-208-with-kelsey-h,https://stutterrockstar.files.wordpress.com/2012/09/male-episode-17-with-robert.mp3,HeStutters,8,Done,8
He_Stutters_Podcast_–_Make_Room_For_The_Stuttering,episode-208-with-kelsey-h,https://stutterrockstar.files.wordpress.com/2012/11/male-episode-18-with-ray.mp3,HeStutters,9,Done,9
He_Stutters_Podcast_–_Make_Room_For_The_Stuttering,episode-208-with-kelsey-h,https://stutterrockstar.files.wordpress.com/2012/11/male-episode-19-with-john-h.mp3,HeStutters,10,Done,10
He_Stutters_Podcast_–_Make_Room_For_The_Stuttering,episode-208-with-kelsey-h,https://stutterrockstar.files.wordpress.com/2011/07/male-episode-2-with-henryk.mp3,HeStutters,11,Done,11
He_Stutters_Podcast_–_Make_Room_For_The_Stuttering,episode-208-with-kelsey-h,https://stutterrockstar.files.wordpress.com/2014/02/male-episode-20-with-oli.mp3,HeStutters,12,Done,12
He_Stutters_Podcast_–_Make_Room_For_The_Stuttering,episode-208-with-kelsey-h,https://stutterrockstar.files.wordpress.com/2014/08/male-episode-21-with-dylan.mp3,HeStutters,13,Done,13
He_Stutters_Podcast_–_Make_Room_For_The_Stuttering,episode-208-with-kelsey-h,https://stutterrockstar.files.wordpress.com/2016/09/male-episode-22-w-chaz.mp3,HeStutters,14,Done,14
He_Stutters_Podcast_–_Make_Room_For_The_Stuttering,episode-208-with-kelsey-h,https://stutterrockstar.files.wordpress.com/2017/06/male-episode-23-with-ian.mp3,HeStutters,15,Done,15
He_Stutters_Podcast_–_Make_Room_For_The_Stuttering,episode-208-with-kelsey-h,https://stutterrockstar.files.wordpress.com/2018/09/male-episode-24-with-david-a.mp3,HeStutters,16,Done,16
He_Stutters_Podcast_–_Make_Room_For_The_Stuttering,episode-208-with-kelsey-h,https://stutterrockstar.files.wordpress.com/2018/09/male-episode-25-with-rob.mp3,HeStutters,17,Done,17
He_Stutters_Podcast_–_Make_Room_For_The_Stuttering,episode-208-with-kelsey-h,https://stutterrockstar.files.wordpress.com/2018/11/male-episode-26-with-andy-fitz.mp3,HeStutters,18,Done,18
He_Stutters_Podcast_–_Make_Room_For_The_Stuttering,episode-208-with-kelsey-h,https://stutterrockstar.files.wordpress.com/2020/04/male-episode-27-with-chris-c.mp3,HeStutters,19,Done,19
He_Stutters_Podcast_–_Make_Room_For_The_Stuttering,episode-208-with-kelsey-h,https://stutterrockstar.files.wordpress.com/2011/10/male-episode-3-with-vivek.mp3,HeStutters,20,Done,20
He_Stutters_Podcast_–_Make_Room_For_The_Stuttering,episode-208-with-kelsey-h,https://stutterrockstar.files.wordpress.com/2012/01/male-episode-4-with-joseph.mp3,HeStutters,21,Done,21
He_Stutters_Podcast_–_Make_Room_For_The_Stuttering,episode-208-with-kelsey-h,https://stutterrockstar.files.wordpress.com/2012/02/male-episode-5-with-john-p.mp3,HeStutters,22,Done,22
He_Stutters_Podcast_–_Make_Room_For_The_Stuttering,episode-208-with-kelsey-h,https://stutterrockstar.files.wordpress.com/2012/02/male-episode-6-with-zachary.mp3,HeStutters,23,Done,23
Hudson_Valley_Stuttering_Association,682StutterTalk,https://anchor.fm/s/184c5dac/podcast/play/11473227/https%3A%2F%2Fd3ctxlq1ktw2nl.cloudfront.net%2Fstaging%2F2020-2-24%2F58674976-44100-2-ba93934fac3dc.m4a,HVSA,0,Done,24
Hudson_Valley_Stuttering_Association,682StutterTalk,https://anchor.fm/s/184c5dac/podcast/play/11621505/https%3A%2F%2Fd3ctxlq1ktw2nl.cloudfront.net%2Fproduction%2F2020-2-27%2F59502673-44100-1-de0884dbdac71.m4a,HVSA,1,Done,25
Hudson_Valley_Stuttering_Association,682StutterTalk,https://anchor.fm/s/184c5dac/podcast/play/11637529/https%3A%2F%2Fd3ctxlq1ktw2nl.cloudfront.net%2Fproduction%2F2020-3-17%2F65403420-44100-1-480bdf97d2168.m4a,HVSA,2,Done,26
Hudson_Valley_Stuttering_Association,682StutterTalk,https://anchor.fm/s/184c5dac/podcast/play/12739266/https%3A%2F%2Fd3ctxlq1ktw2nl.cloudfront.net%2Fproduction%2F2020-3-21%2F66491576-44100-1-ea58f77ddd263.m4a,HVSA,3,Done,27
I_Stutter_So_What,episode-137-with-autumn,http://istuttersowhat.com/podcast/ISSW007final.mp3,IStutterSoWhat,0,corrupt,corrupt
I_Stutter_So_What,episode-137-with-autumn,http://istuttersowhat.com/podcast/ISSWPodcast001.mp3,IStutterSoWhat,1,corrupt,corrupt
I_Stutter_So_What,episode-137-with-autumn,http://istuttersowhat.com/podcast/ISSWPodcast003-MikeLapot.mp3,IStutterSoWhat,2,corrupt,corrupt
I_Stutter_So_What,episode-137-with-autumn,http://istuttersowhat.com/podcast/ISSWPodcast004-the-walk.mp3,IStutterSoWhat,3,corrupt,corrupt
I_Stutter_So_What,episode-137-with-autumn,http://istuttersowhat.com/podcast/ISSWPodcast005.mp3,IStutterSoWhat,4,corrupt,corrupt
My_Stuttering_Life,episode-175-with-rachel-hoge-second-time,https://traffic.libsyn.com/secure/mystutteringlife/1_Tip_Final_Podcast.mp3?dest-id=1660175,MyStutteringLife,0,,28
My_Stuttering_Life,episode-175-with-rachel-hoge-second-time,https://traffic.libsyn.com/secure/mystutteringlife/A-Parent-s-Perspective-On-Stut-858691a75e012.m4a?dest-id=1660175,MyStutteringLife,1,,29
My_Stuttering_Life,episode-175-with-rachel-hoge-second-time,https://traffic.libsyn.com/secure/mystutteringlife/AdamWright_Final_Episode2.mp3?dest-id=1660175,MyStutteringLife,2,,30
My_Stuttering_Life,episode-175-with-rachel-hoge-second-time,https://traffic.libsyn.com/secure/mystutteringlife/Andrew_Simpson_Final_Podcast2.mp3?dest-id=1660175,MyStutteringLife,3,,31
My_Stuttering_Life,episode-175-with-rachel-hoge-second-time,https://traffic.libsyn.com/secure/mystutteringlife/Callum_Schofield_Final_Podcast_Interview.mp3?dest-id=1660175,MyStutteringLife,4,,32
My_Stuttering_Life,episode-175-with-rachel-hoge-second-time,https://traffic.libsyn.com/secure/mystutteringlife/Cynthia_Zmrocek_final.mp3?dest-id=1660175,MyStutteringLife,5,,33
My_Stuttering_Life,episode-175-with-rachel-hoge-second-time,https://traffic.libsyn.com/secure/mystutteringlife/Evan-Sherman--SLP-7f31356581b4e.m4a?dest-id=1660175,MyStutteringLife,6,,34
My_Stuttering_Life,episode-175-with-rachel-hoge-second-time,https://traffic.libsyn.com/secure/mystutteringlife/Final_Gal_Zussman_for_Libsyn.mp3?dest-id=1660175,MyStutteringLife,7,,35
My_Stuttering_Life,episode-175-with-rachel-hoge-second-time,https://traffic.libsyn.com/secure/mystutteringlife/Hakim_Erwin_Podcast_Interview.mp3?dest-id=1660175,MyStutteringLife,8,,36
My_Stuttering_Life,episode-175-with-rachel-hoge-second-time,https://traffic.libsyn.com/secure/mystutteringlife/Hugo-Torres---Language-and-Com-e7a8e5ec468a7.m4a?dest-id=1660175,MyStutteringLife,9,,37
My_Stuttering_Life,episode-175-with-rachel-hoge-second-time,https://traffic.libsyn.com/secure/mystutteringlife/In-the-Beginning-6c5ad406487d29537363311966d56b0c.m4a?dest-id=1660175,MyStutteringLife,10,,38
My_Stuttering_Life,episode-175-with-rachel-hoge-second-time,https://traffic.libsyn.com/secure/mystutteringlife/It-Really-Does-Work---f507694368126.m4a?dest-id=1660175,MyStutteringLife,11,,39
My_Stuttering_Life,episode-175-with-rachel-hoge-second-time,https://traffic.libsyn.com/secure/mystutteringlife/Jack_Dinsley_Podcast_Interview.mp3?dest-id=1660175,MyStutteringLife,12,,40
My_Stuttering_Life,episode-175-with-rachel-hoge-second-time,https://traffic.libsyn.com/secure/mystutteringlife/Jaleesa-Bygrave-32463d904feed.m4a?dest-id=1660175,MyStutteringLife,13,,41
My_Stuttering_Life,episode-175-with-rachel-hoge-second-time,https://traffic.libsyn.com/secure/mystutteringlife/James-Hayden---Tedx-Speaker----c61828ed03aa.m4a?dest-id=1660175,MyStutteringLife,14,,42
My_Stuttering_Life,episode-175-with-rachel-hoge-second-time,https://traffic.libsyn.com/secure/mystutteringlife/Jared_Glickfield_Interview.mp3?dest-id=1660175,MyStutteringLife,15,,43
My_Stuttering_Life,episode-175-with-rachel-hoge-second-time,https://traffic.libsyn.com/secure/mystutteringlife/Jason_Nunez_Final_Podcast.mp3?dest-id=1660175,MyStutteringLife,16,,44
My_Stuttering_Life,episode-175-with-rachel-hoge-second-time,https://traffic.libsyn.com/secure/mystutteringlife/LeRon-Barton---Author-and-Tedx-e1dd1b17397ec.m4a?dest-id=1660175,MyStutteringLife,17,,45
My_Stuttering_Life,episode-175-with-rachel-hoge-second-time,https://traffic.libsyn.com/secure/mystutteringlife/Matt_Herman_Podcast_Interview.mp3?dest-id=1660175,MyStutteringLife,18,,46
My_Stuttering_Life,episode-175-with-rachel-hoge-second-time,https://traffic.libsyn.com/secure/mystutteringlife/Michaela_Misske_Maia_Podcast_Interview.mp3?dest-id=1660175,MyStutteringLife,19,,47
My_Stuttering_Life,episode-175-with-rachel-hoge-second-time,https://traffic.libsyn.com/secure/mystutteringlife/Nic-513a5a5fdb391.m4a?dest-id=1660175,MyStutteringLife,20,,48
My_Stuttering_Life,episode-175-with-rachel-hoge-second-time,https://traffic.libsyn.com/secure/mystutteringlife/Rama-Siva---Author-and-Believe-fa2c1426a8ecf.m4a?dest-id=1660175,MyStutteringLife,21,,49
My_Stuttering_Life,episode-175-with-rachel-hoge-second-time,https://traffic.libsyn.com/secure/mystutteringlife/Roy-Johnson-ef1c45683c008.m4a?dest-id=1660175,MyStutteringLife,22,corrupt,corrupt
My_Stuttering_Life,episode-175-with-rachel-hoge-second-time,https://traffic.libsyn.com/secure/mystutteringlife/Sherrika_Meyers_Podcast_Interview_Final2.mp3?dest-id=1660175,MyStutteringLife,23,Done,50
My_Stuttering_Life,episode-175-with-rachel-hoge-second-time,https://traffic.libsyn.com/secure/mystutteringlife/Strike-1--Strike-2--Strike-3-bdb9ea7b85a9f.m4a?dest-id=1660175,MyStutteringLife,24,Done,51
My_Stuttering_Life,episode-175-with-rachel-hoge-second-time,https://traffic.libsyn.com/secure/mystutteringlife/Stuttering---Dating-a7bc436740b51.m4a?dest-id=1660175,MyStutteringLife,25,corrupt,corrupt
My_Stuttering_Life,episode-175-with-rachel-hoge-second-time,https://traffic.libsyn.com/secure/mystutteringlife/Stuttering---S-G-A-ca3bbb051ad38.m4a?dest-id=1660175,MyStutteringLife,26,Done,52
My_Stuttering_Life,episode-175-with-rachel-hoge-second-time,https://traffic.libsyn.com/secure/mystutteringlife/Stuttering--Comparing-Yoursel-d9878cc4b4dbeabcf17bca8ac944c01c.m4a?dest-id=1660175,MyStutteringLife,27,Done,53
My_Stuttering_Life,episode-175-with-rachel-hoge-second-time,https://traffic.libsyn.com/secure/mystutteringlife/Stuttering--Daily-Wins-dc679fc34876d2608693744930e9916d.m4a?dest-id=1660175,MyStutteringLife,28,Done,54
My_Stuttering_Life,episode-175-with-rachel-hoge-second-time,https://traffic.libsyn.com/secure/mystutteringlife/Stuttering--Exhaustion-b6c1b8398a19d8233f6ef78d967ca8a4.m4a?dest-id=1660175,MyStutteringLife,29,Done,55
My_Stuttering_Life,episode-175-with-rachel-hoge-second-time,https://traffic.libsyn.com/secure/mystutteringlife/Stuttering--Having-A-Good-Sup-5fcd2434048a1d89814ae47f27262256.m4a?dest-id=1660175,MyStutteringLife,30,Done,56
My_Stuttering_Life,episode-175-with-rachel-hoge-second-time,https://traffic.libsyn.com/secure/mystutteringlife/Stuttering--the-5-Second-Rule-814d7a4352a1914e80a84096d55d340c.m4a?dest-id=1660175,MyStutteringLife,31,Done,57
My_Stuttering_Life,episode-175-with-rachel-hoge-second-time,https://traffic.libsyn.com/secure/mystutteringlife/Stuttering--the-Magic-Pill-0175066e072a81b372a158ad1aedbc47.m4a?dest-id=1660175,MyStutteringLife,32,Done,58
My_Stuttering_Life,episode-175-with-rachel-hoge-second-time,https://traffic.libsyn.com/secure/mystutteringlife/Talking-To-The-Man-In-The-Mirr-b8ed833119e34.m4a?dest-id=1660175,MyStutteringLife,33,Done,59
My_Stuttering_Life,episode-175-with-rachel-hoge-second-time,https://traffic.libsyn.com/secure/mystutteringlife/The-Card-You-Need-d4d6af5eb5ae.m4a?dest-id=1660175,MyStutteringLife,34,Done,60
My_Stuttering_Life,episode-175-with-rachel-hoge-second-time,https://traffic.libsyn.com/secure/mystutteringlife/The-Journey-Of-A-Stutterer-Fro-52b1d1c58293f.m4a?dest-id=1660175,MyStutteringLife,35,Done,61
My_Stuttering_Life,episode-175-with-rachel-hoge-second-time,https://traffic.libsyn.com/secure/mystutteringlife/The-Wanderer-8654d99ae8dfd.m4a?dest-id=1660175,MyStutteringLife,36,Done,62
My_Stuttering_Life,episode-175-with-rachel-hoge-second-time,https://traffic.libsyn.com/secure/mystutteringlife/Vampire-Crabs-af4efc29c6e9d.m4a?dest-id=1660175,MyStutteringLife,37,Done,63
My_Stuttering_Life,episode-175-with-rachel-hoge-second-time,https://traffic.libsyn.com/secure/mystutteringlife/Vicky_G_Final_Episode.mp3?dest-id=1660175,MyStutteringLife,38,Done,64
My_Stuttering_Life,episode-175-with-rachel-hoge-second-time,https://traffic.libsyn.com/secure/mystutteringlife/Will_McClurg_Podcast_Final.mp3?dest-id=1660175,MyStutteringLife,39,Done,65
Strong_Voices_-_overcoming_speaking_challenges,male-episode-11-with-frank,http://feeds.soundcloud.com/stream/393268140-user-709642316-episode-1-pilot.mp3,StrongVoices,0,corrupt,corrupt
Strong_Voices_-_overcoming_speaking_challenges,male-episode-11-with-frank,http://feeds.soundcloud.com/stream/407179179-user-709642316-episode-3-dont-let-anything-get-in-the-way-with-denis-wright.mp3,StrongVoices,1,corrupt,corrupt
Strong_Voices_-_overcoming_speaking_challenges,male-episode-11-with-frank,http://feeds.soundcloud.com/stream/413976822-user-709642316-episode-4-totally-transformed-with-monica-shanahan.mp3,StrongVoices,2,corrupt,corrupt
Strong_Voices_-_overcoming_speaking_challenges,male-episode-11-with-frank,http://feeds.soundcloud.com/stream/420675876-user-709642316-bonus-episode-1-stuttering-research-with-tatiana-izmaylova.mp3,StrongVoices,3,corrupt,corrupt
Strong_Voices_-_overcoming_speaking_challenges,male-episode-11-with-frank,http://feeds.soundcloud.com/stream/421724238-user-709642316-svpodcast-ep-5.mp3,StrongVoices,4,corrupt,corrupt
Strong_Voices_-_overcoming_speaking_challenges,male-episode-11-with-frank,http://feeds.soundcloud.com/stream/428515275-user-709642316-episode-6-the-martial-art-of-speaking-with-kate-salkeld.mp3,StrongVoices,5,corrupt,corrupt
Strong_Voices_-_overcoming_speaking_challenges,male-episode-11-with-frank,http://feeds.soundcloud.com/stream/435397359-user-709642316-episode-7-with-tom-deblaere.mp3,StrongVoices,6,corrupt,corrupt
Strong_Voices_-_overcoming_speaking_challenges,male-episode-11-with-frank,http://feeds.soundcloud.com/stream/442534920-user-709642316-episode-8-self-acceptance-and-eloquence-with-noel-kumar.mp3,StrongVoices,7,corrupt,corrupt
Strong_Voices_-_overcoming_speaking_challenges,male-episode-11-with-frank,http://feeds.soundcloud.com/stream/451194234-user-709642316-episode-9-then-versus-now-with-kristy-warden.mp3,StrongVoices,8,corrupt,corrupt
Strong_Voices_-_overcoming_speaking_challenges,male-episode-11-with-frank,http://feeds.soundcloud.com/stream/462134433-user-709642316-episode-11-it-all-adds-up-with-strong-technique-with-marcel-conway.mp3,StrongVoices,9,corrupt,corrupt
Strong_Voices_-_overcoming_speaking_challenges,male-episode-11-with-frank,http://feeds.soundcloud.com/stream/468076068-user-709642316-episode-12-success-with-many-voices-with-yasmeen-hassan.mp3,StrongVoices,10,corrupt,corrupt
Strong_Voices_-_overcoming_speaking_challenges,male-episode-11-with-frank,http://feeds.soundcloud.com/stream/481363221-user-709642316-episode-13-stay-chilled-and-enjoy-speaking-with-phil-jeffrey.mp3,StrongVoices,11,corrupt,corrupt
Strong_Voices_-_overcoming_speaking_challenges,male-episode-11-with-frank,http://feeds.soundcloud.com/stream/494066280-user-709642316-episode-15-accessibility-and-the-future-with-ross-mullen.mp3,StrongVoices,12,corrupt,corrupt
Strong_Voices_-_overcoming_speaking_challenges,male-episode-11-with-frank,http://feeds.soundcloud.com/stream/500204031-user-709642316-episode-16-the-best-of-me-with-scott-monson.mp3,StrongVoices,13,corrupt,corrupt
Strong_Voices_-_overcoming_speaking_challenges,male-episode-11-with-frank,http://feeds.soundcloud.com/stream/506871492-user-709642316-episode-17-the-hexagon-and-its-application-with-scott-monson.mp3,StrongVoices,14,corrupt,corrupt
Strong_Voices_-_overcoming_speaking_challenges,male-episode-11-with-frank,http://feeds.soundcloud.com/stream/514061178-user-709642316-episode-18-a-journey-begun-with-anthony-steed.mp3,StrongVoices,15,corrupt,corrupt
Strong_Voices_-_overcoming_speaking_challenges,male-episode-11-with-frank,http://feeds.soundcloud.com/stream/520973022-user-709642316-episode-19-the-abc-of-everything-with-scott-monson.mp3,StrongVoices,16,corrupt,corrupt
Strong_Voices_-_overcoming_speaking_challenges,male-episode-11-with-frank,http://feeds.soundcloud.com/stream/528397401-user-709642316-episode-20-goals-achieved-more-to-explore-with-freddie-westhuizen.mp3,StrongVoices,17,corrupt,corrupt
Strong_Voices_-_overcoming_speaking_challenges,male-episode-11-with-frank,http://feeds.soundcloud.com/stream/547557738-user-709642316-episode-24-2018-in-review-with-your-hosts.mp3,StrongVoices,18,corrupt,corrupt
Strong_Voices_-_overcoming_speaking_challenges,male-episode-11-with-frank,http://feeds.soundcloud.com/stream/569330349-user-709642316-episode-25-part-1-with-mike-wilson.mp3,StrongVoices,19,corrupt,corrupt
Strong_Voices_-_overcoming_speaking_challenges,male-episode-11-with-frank,http://feeds.soundcloud.com/stream/576628695-user-709642316-episode-26-part-2-with-mike-wilson.mp3,StrongVoices,20,corrupt,corrupt
Strong_Voices_-_overcoming_speaking_challenges,male-episode-11-with-frank,http://feeds.soundcloud.com/stream/591248463-user-709642316-episode-28-part-1-with-ankur-aryaa-and-eugene-barannikov.mp3,StrongVoices,21,corrupt,corrupt
Strong_Voices_-_overcoming_speaking_challenges,male-episode-11-with-frank,http://feeds.soundcloud.com/stream/598593423-user-709642316-episode-29-part-2-with-ankur-aryaa-and-eugene-barannikov.mp3,StrongVoices,22,corrupt,corrupt
Strong_Voices_-_overcoming_speaking_challenges,male-episode-11-with-frank,http://feeds.soundcloud.com/stream/606220788-user-709642316-episode-30-with-todd-wheldon.mp3,StrongVoices,23,corrupt,corrupt
Strong_Voices_-_overcoming_speaking_challenges,male-episode-11-with-frank,http://feeds.soundcloud.com/stream/612122499-user-709642316-episode-31-moving-forward-with-katy-johnson.mp3,StrongVoices,24,corrupt,corrupt
Strong_Voices_-_overcoming_speaking_challenges,male-episode-11-with-frank,http://feeds.soundcloud.com/stream/619339989-user-709642316-episode-32-with-martin-bates.mp3,StrongVoices,25,corrupt,corrupt
Strong_Voices_-_overcoming_speaking_challenges,male-episode-11-with-frank,http://feeds.soundcloud.com/stream/625233042-user-709642316-episode-33-with-jhoney-ekladious.mp3,StrongVoices,26,corrupt,corrupt
Strong_Voices_-_overcoming_speaking_challenges,male-episode-11-with-frank,http://feeds.soundcloud.com/stream/632551599-user-709642316-episode-34-with-peter-wise.mp3,StrongVoices,27,corrupt,corrupt
Strong_Voices_-_overcoming_speaking_challenges,male-episode-11-with-frank,http://feeds.soundcloud.com/stream/668349341-user-709642316-episode-35-ride-the-wave-with-riley-cadman.mp3,StrongVoices,28,corrupt,corrupt
Strong_Voices_-_overcoming_speaking_challenges,male-episode-11-with-frank,http://feeds.soundcloud.com/stream/710943172-user-709642316-svpodcast-ep37.mp3,StrongVoices,29,corrupt,corrupt
Strong_Voices_-_overcoming_speaking_challenges,male-episode-11-with-frank,http://feeds.soundcloud.com/stream/714010465-user-709642316-episode-38-life-love-and-relationships-part-2-with-alex-cowan-and-kate.mp3,StrongVoices,30,corrupt,corrupt
Strong_Voices_-_overcoming_speaking_challenges,male-episode-11-with-frank,http://feeds.soundcloud.com/stream/722540014-user-709642316-episode-40-its-never-to-late-to-be-a-great-speaker-with-virginia-hortis.mp3,StrongVoices,31,corrupt,corrupt
Strong_Voices_-_overcoming_speaking_challenges,male-episode-11-with-frank,http://feeds.soundcloud.com/stream/728507386-user-709642316-episode-41-destroy-the-fear-with-kenny-macheka.mp3,StrongVoices,32,corrupt,corrupt
Strong_Voices_-_overcoming_speaking_challenges,male-episode-11-with-frank,http://feeds.soundcloud.com/stream/730703080-user-709642316-episode-42-there-is-more-to-stuttering-than-stuttering-with-geoff-johnston.mp3,StrongVoices,33,corrupt,corrupt
Strong_Voices_-_overcoming_speaking_challenges,male-episode-11-with-frank,http://feeds.soundcloud.com/stream/746278345-user-709642316-episode-45-goodby-from-your-hosts.mp3,StrongVoices,34,corrupt,corrupt
StutterTalk_Changing_how_you_think_about_stuttering,episode-180-with-petra-a,http://media.blubrry.com/stuttertalk/stuttertalk.com/podcast/572StutterTalk.mp3,StutterTalk,0,Done,66
StutterTalk_Changing_how_you_think_about_stuttering,episode-180-with-petra-a,http://media.blubrry.com/stuttertalk/stuttertalk.com/podcast/573StutterTalk.mp3,StutterTalk,1,Done,67
StutterTalk_Changing_how_you_think_about_stuttering,episode-180-with-petra-a,http://media.blubrry.com/stuttertalk/stuttertalk.com/podcast/575StutterTalk.mp3,StutterTalk,2,Done,68
StutterTalk_Changing_how_you_think_about_stuttering,episode-180-with-petra-a,http://media.blubrry.com/stuttertalk/stuttertalk.com/podcast/577StutterTalk.mp3,StutterTalk,3,Done,69
StutterTalk_Changing_how_you_think_about_stuttering,episode-180-with-petra-a,http://media.blubrry.com/stuttertalk/stuttertalk.com/podcast/578StutterTalk.mp3,StutterTalk,4,Done,70
StutterTalk_Changing_how_you_think_about_stuttering,episode-180-with-petra-a,http://media.blubrry.com/stuttertalk/stuttertalk.com/podcast/579StutterTalk.mp3,StutterTalk,5,Done,71
StutterTalk_Changing_how_you_think_about_stuttering,episode-180-with-petra-a,http://media.blubrry.com/stuttertalk/stuttertalk.com/podcast/581StutterTalk.mp3,StutterTalk,6,Done,72
StutterTalk_Changing_how_you_think_about_stuttering,episode-180-with-petra-a,http://media.blubrry.com/stuttertalk/stuttertalk.com/podcast/583StutterTalk.mp3,StutterTalk,7,Done,73
StutterTalk_Changing_how_you_think_about_stuttering,episode-180-with-petra-a,http://media.blubrry.com/stuttertalk/stuttertalk.com/podcast/584StutterTalk.mp3,StutterTalk,8,Done,74
StutterTalk_Changing_how_you_think_about_stuttering,episode-180-with-petra-a,http://media.blubrry.com/stuttertalk/stuttertalk.com/podcast/585StutterTalk.mp3,StutterTalk,9,Done,75
StutterTalk_Changing_how_you_think_about_stuttering,episode-180-with-petra-a,http://media.blubrry.com/stuttertalk/stuttertalk.com/podcast/587StutterTalk.mp3,StutterTalk,10,Done,76
StutterTalk_Changing_how_you_think_about_stuttering,episode-180-with-petra-a,http://media.blubrry.com/stuttertalk/stuttertalk.com/podcast/588StutterTalk.mp3,StutterTalk,11,Done,77
StutterTalk_Changing_how_you_think_about_stuttering,episode-180-with-petra-a,http://media.blubrry.com/stuttertalk/stuttertalk.com/podcast/589StutterTalk.mp3,StutterTalk,12,Done,78
StutterTalk_Changing_how_you_think_about_stuttering,episode-180-with-petra-a,http://media.blubrry.com/stuttertalk/stuttertalk.com/podcast/590StutterTalk.mp3,StutterTalk,13,Done,79
StutterTalk_Changing_how_you_think_about_stuttering,episode-180-with-petra-a,http://media.blubrry.com/stuttertalk/stuttertalk.com/podcast/592StutterTalk.mp3,StutterTalk,14,Done,80
StutterTalk_Changing_how_you_think_about_stuttering,episode-180-with-petra-a,http://media.blubrry.com/stuttertalk/stuttertalk.com/podcast/593StutterTalk.mp3,StutterTalk,15,Done,81
StutterTalk_Changing_how_you_think_about_stuttering,episode-180-with-petra-a,http://media.blubrry.com/stuttertalk/stuttertalk.com/podcast/594StutterTalk.mp3,StutterTalk,16,Done,82
StutterTalk_Changing_how_you_think_about_stuttering,episode-180-with-petra-a,http://media.blubrry.com/stuttertalk/stuttertalk.com/podcast/595StutterTalk.mp3,StutterTalk,17,Done,83
StutterTalk_Changing_how_you_think_about_stuttering,episode-180-with-petra-a,http://media.blubrry.com/stuttertalk/stuttertalk.com/podcast/596StutterTalk.mp3,StutterTalk,18,Done,84
StutterTalk_Changing_how_you_think_about_stuttering,episode-180-with-petra-a,http://media.blubrry.com/stuttertalk/stuttertalk.com/podcast/597StutterTalk.mp3,StutterTalk,19,Done,85
StutterTalk_Changing_how_you_think_about_stuttering,episode-180-with-petra-a,http://media.blubrry.com/stuttertalk/stuttertalk.com/podcast/598StutterTalk.mp3,StutterTalk,20,Done,86
StutterTalk_Changing_how_you_think_about_stuttering,episode-180-with-petra-a,http://media.blubrry.com/stuttertalk/stuttertalk.com/podcast/601StutterTalk.mp3,StutterTalk,21,Done,87
StutterTalk_Changing_how_you_think_about_stuttering,episode-180-with-petra-a,http://media.blubrry.com/stuttertalk/stuttertalk.com/podcast/602StutterTalk.mp3,StutterTalk,22,Done,88
StutterTalk_Changing_how_you_think_about_stuttering,episode-180-with-petra-a,http://media.blubrry.com/stuttertalk/stuttertalk.com/podcast/603StutterTalk.mp3,StutterTalk,23,Done,89
StutterTalk_Changing_how_you_think_about_stuttering,episode-180-with-petra-a,http://media.blubrry.com/stuttertalk/stuttertalk.com/podcast/604StutterTalk.mp3,StutterTalk,24,Done,90
StutterTalk_Changing_how_you_think_about_stuttering,episode-180-with-petra-a,http://media.blubrry.com/stuttertalk/stuttertalk.com/podcast/605StutterTalk.mp3,StutterTalk,25,Done,91
StutterTalk_Changing_how_you_think_about_stuttering,episode-180-with-petra-a,http://media.blubrry.com/stuttertalk/stuttertalk.com/podcast/606StutterTalk.mp3,StutterTalk,26,Done,92
StutterTalk_Changing_how_you_think_about_stuttering,episode-180-with-petra-a,http://media.blubrry.com/stuttertalk/stuttertalk.com/podcast/608StutterTalk.mp3,StutterTalk,27,Done,93
StutterTalk_Changing_how_you_think_about_stuttering,episode-180-with-petra-a,http://media.blubrry.com/stuttertalk/stuttertalk.com/podcast/609StutterTalk.mp3,StutterTalk,28,Done,94
StutterTalk_Changing_how_you_think_about_stuttering,episode-180-with-petra-a,http://media.blubrry.com/stuttertalk/stuttertalk.com/podcast/610StutterTalk.mp3,StutterTalk,29,Done,95
StutterTalk_Changing_how_you_think_about_stuttering,episode-180-with-petra-a,http://media.blubrry.com/stuttertalk/stuttertalk.com/podcast/611StutterTalk.mp3,StutterTalk,30,Done,96
StutterTalk_Changing_how_you_think_about_stuttering,episode-180-with-petra-a,http://media.blubrry.com/stuttertalk/stuttertalk.com/podcast/612StutterTalk.mp3,StutterTalk,31,Done,97
StutterTalk_Changing_how_you_think_about_stuttering,episode-180-with-petra-a,http://media.blubrry.com/stuttertalk/stuttertalk.com/podcast/615StutterTalk.mp3,StutterTalk,32,Done,98
StutterTalk_Changing_how_you_think_about_stuttering,episode-180-with-petra-a,http://media.blubrry.com/stuttertalk/stuttertalk.com/podcast/617StutterTalk.mp3,StutterTalk,33,Done,99
StutterTalk_Changing_how_you_think_about_stuttering,episode-180-with-petra-a,http://media.blubrry.com/stuttertalk/stuttertalk.com/podcast/618StutterTalk.mp3,StutterTalk,34,Done,100
StutterTalk_Changing_how_you_think_about_stuttering,episode-180-with-petra-a,http://media.blubrry.com/stuttertalk/stuttertalk.com/podcast/619StutterTalk.mp3,StutterTalk,35,Done,101
StutterTalk_Changing_how_you_think_about_stuttering,episode-180-with-petra-a,http://media.blubrry.com/stuttertalk/stuttertalk.com/podcast/620StutterTalk.mp3,StutterTalk,36,Done,102
StutterTalk_Changing_how_you_think_about_stuttering,episode-180-with-petra-a,http://media.blubrry.com/stuttertalk/stuttertalk.com/podcast/622StutterTalk.mp3,StutterTalk,37,Done,103
StutterTalk_Changing_how_you_think_about_stuttering,episode-180-with-petra-a,http://media.blubrry.com/stuttertalk/stuttertalk.com/podcast/624StutterTalk.mp3,StutterTalk,38,Done,104
StutterTalk_Changing_how_you_think_about_stuttering,episode-180-with-petra-a,http://media.blubrry.com/stuttertalk/stuttertalk.com/podcast/626StutterTalk.mp3,StutterTalk,39,Done,105
StutterTalk_Changing_how_you_think_about_stuttering,episode-180-with-petra-a,http://media.blubrry.com/stuttertalk/stuttertalk.com/podcast/627StutterTalk.mp3,StutterTalk,40,Done,106
StutterTalk_Changing_how_you_think_about_stuttering,episode-180-with-petra-a,http://media.blubrry.com/stuttertalk/stuttertalk.com/podcast/629StutterTalk.mp3,StutterTalk,41,Done,107
StutterTalk_Changing_how_you_think_about_stuttering,episode-180-with-petra-a,http://media.blubrry.com/stuttertalk/stuttertalk.com/podcast/630StutterTalk.mp3,StutterTalk,42,Done,108
StutterTalk_Changing_how_you_think_about_stuttering,episode-180-with-petra-a,http://media.blubrry.com/stuttertalk/stuttertalk.com/podcast/632StutterTalk.mp3,StutterTalk,43,Done,109
StutterTalk_Changing_how_you_think_about_stuttering,episode-180-with-petra-a,http://media.blubrry.com/stuttertalk/stuttertalk.com/podcast/633StutterTalk.mp3,StutterTalk,44,Done,110
StutterTalk_Changing_how_you_think_about_stuttering,episode-180-with-petra-a,http://media.blubrry.com/stuttertalk/stuttertalk.com/podcast/634StutterTalk.mp3,StutterTalk,45,Done,111
StutterTalk_Changing_how_you_think_about_stuttering,episode-180-with-petra-a,http://media.blubrry.com/stuttertalk/stuttertalk.com/podcast/635StutterTalk.mp3,StutterTalk,46,Done,112
StutterTalk_Changing_how_you_think_about_stuttering,episode-180-with-petra-a,http://media.blubrry.com/stuttertalk/stuttertalk.com/podcast/639StutterTalk.mp3,StutterTalk,47,Done,113
StutterTalk_Changing_how_you_think_about_stuttering,episode-180-with-petra-a,http://media.blubrry.com/stuttertalk/stuttertalk.com/podcast/640StutterTalk.mp3,StutterTalk,48,Done,114
StutterTalk_Changing_how_you_think_about_stuttering,episode-180-with-petra-a,http://media.blubrry.com/stuttertalk/stuttertalk.com/podcast/641StutterTalk.mp3,StutterTalk,49,Done,115
StutterTalk_Changing_how_you_think_about_stuttering,episode-180-with-petra-a,http://media.blubrry.com/stuttertalk/stuttertalk.com/podcast/642StutterTalk.mp3,StutterTalk,50,Done,116
StutterTalk_Changing_how_you_think_about_stuttering,episode-180-with-petra-a,http://media.blubrry.com/stuttertalk/stuttertalk.com/podcast/644StutterTalk.mp3,StutterTalk,51,Done,117
StutterTalk_Changing_how_you_think_about_stuttering,episode-180-with-petra-a,http://media.blubrry.com/stuttertalk/stuttertalk.com/podcast/646StutterTalk.mp3,StutterTalk,52,Done,118
StutterTalk_Changing_how_you_think_about_stuttering,episode-180-with-petra-a,http://media.blubrry.com/stuttertalk/stuttertalk.com/podcast/647StutterTalk.mp3,StutterTalk,53,Done,119
StutterTalk_Changing_how_you_think_about_stuttering,episode-180-with-petra-a,http://media.blubrry.com/stuttertalk/stuttertalk.com/podcast/648StutterTalk.mp3,StutterTalk,54,Done,120
StutterTalk_Changing_how_you_think_about_stuttering,episode-180-with-petra-a,http://media.blubrry.com/stuttertalk/stuttertalk.com/podcast/650StutterTalk.mp3,StutterTalk,55,Done,121
StutterTalk_Changing_how_you_think_about_stuttering,episode-180-with-petra-a,http://media.blubrry.com/stuttertalk/stuttertalk.com/podcast/651StutterTalk.mp3,StutterTalk,56,Done,122
StutterTalk_Changing_how_you_think_about_stuttering,episode-180-with-petra-a,http://media.blubrry.com/stuttertalk/stuttertalk.com/podcast/652StutterTalk.mp3,StutterTalk,57,Done,123
StutterTalk_Changing_how_you_think_about_stuttering,episode-180-with-petra-a,http://media.blubrry.com/stuttertalk/stuttertalk.com/podcast/653StutterTalk.mp3,StutterTalk,58,Done,124
StutterTalk_Changing_how_you_think_about_stuttering,episode-180-with-petra-a,http://media.blubrry.com/stuttertalk/stuttertalk.com/podcast/654StutterTalk.mp3,StutterTalk,59,Done,125
StutterTalk_Changing_how_you_think_about_stuttering,episode-180-with-petra-a,http://media.blubrry.com/stuttertalk/stuttertalk.com/podcast/655StutterTalk.mp3,StutterTalk,60,Done,126
StutterTalk_Changing_how_you_think_about_stuttering,episode-180-with-petra-a,http://media.blubrry.com/stuttertalk/stuttertalk.com/podcast/657StutterTalk.mp3,StutterTalk,61,Done,127
StutterTalk_Changing_how_you_think_about_stuttering,episode-180-with-petra-a,http://media.blubrry.com/stuttertalk/stuttertalk.com/podcast/658StutterTalk.mp3,StutterTalk,62,Done,128
StutterTalk_Changing_how_you_think_about_stuttering,episode-180-with-petra-a,http://media.blubrry.com/stuttertalk/stuttertalk.com/podcast/660StutterTalk.mp3,StutterTalk,63,Done,129
StutterTalk_Changing_how_you_think_about_stuttering,episode-180-with-petra-a,http://media.blubrry.com/stuttertalk/stuttertalk.com/podcast/661StutterTalk.mp3,StutterTalk,64,Done,130
StutterTalk_Changing_how_you_think_about_stuttering,episode-180-with-petra-a,http://media.blubrry.com/stuttertalk/stuttertalk.com/podcast/663StutterTalk.mp3,StutterTalk,65,Done,131
StutterTalk_Changing_how_you_think_about_stuttering,episode-180-with-petra-a,http://media.blubrry.com/stuttertalk/stuttertalk.com/podcast/665StutterTalk.mp3,StutterTalk,66,Done,132
StutterTalk_Changing_how_you_think_about_stuttering,episode-180-with-petra-a,http://media.blubrry.com/stuttertalk/stuttertalk.com/podcast/666StutterTalk.mp3,StutterTalk,67,Done,133
StutterTalk_Changing_how_you_think_about_stuttering,episode-180-with-petra-a,http://media.blubrry.com/stuttertalk/stuttertalk.com/podcast/669StutterTalk.mp3,StutterTalk,68,Done,134
StutterTalk_Changing_how_you_think_about_stuttering,episode-180-with-petra-a,http://media.blubrry.com/stuttertalk/stuttertalk.com/podcast/670StutterTalk.mp3,StutterTalk,69,Done,135
StutterTalk_Changing_how_you_think_about_stuttering,episode-180-with-petra-a,http://media.blubrry.com/stuttertalk/stuttertalk.com/podcast/672StutterTalk.mp3,StutterTalk,70,Done,136
StutterTalk_Changing_how_you_think_about_stuttering,episode-180-with-petra-a,http://media.blubrry.com/stuttertalk/stuttertalk.com/podcast/674StutterTalk.mp3,StutterTalk,71,Done,137
StutterTalk_Changing_how_you_think_about_stuttering,episode-180-with-petra-a,http://media.blubrry.com/stuttertalk/stuttertalk.com/podcast/677StutterTalk.mp3,StutterTalk,72,Done,138
StutterTalk_Changing_how_you_think_about_stuttering,episode-180-with-petra-a,http://media.blubrry.com/stuttertalk/stuttertalk.com/podcast/678StutterTalk.mp3,StutterTalk,73,Done,139
StutterTalk_Changing_how_you_think_about_stuttering,episode-180-with-petra-a,http://media.blubrry.com/stuttertalk/stuttertalk.com/podcast/679StutterTalk.mp3,StutterTalk,74,Done,140
StutterTalk_Changing_how_you_think_about_stuttering,episode-180-with-petra-a,http://media.blubrry.com/stuttertalk/stuttertalk.com/podcast/680StutterTalk.mp3,StutterTalk,75,Done,141
StutterTalk_Changing_how_you_think_about_stuttering,episode-180-with-petra-a,http://media.blubrry.com/stuttertalk/stuttertalk.com/podcast/681StutterTalk.mp3,StutterTalk,76,Done,142
StutterTalk_Changing_how_you_think_about_stuttering,episode-180-with-petra-a,http://media.blubrry.com/stuttertalk/stuttertalk.com/podcast/682StutterTalk.mp3,StutterTalk,77,Done,143
StutterTalk_Changing_how_you_think_about_stuttering,episode-180-with-petra-a,http://media.blubrry.com/stuttertalk/stuttertalk.com/podcast/684StutterTalk.mp3,StutterTalk,78,Done,144
StutterTalk_Changing_how_you_think_about_stuttering,episode-180-with-petra-a,http://media.blubrry.com/stuttertalk/stuttertalk.com/podcast/686StutterTalk.mp3,StutterTalk,79,Done,145
StutterTalk_Changing_how_you_think_about_stuttering,episode-180-with-petra-a,http://media.blubrry.com/stuttertalk/stuttertalk.com/podcast/StutterTalkCampSAY.mp3,StutterTalk,80,Done,146
StutterTalk_Changing_how_you_think_about_stuttering,episode-180-with-petra-a,http://media.blubrry.com/stuttertalk/stuttertalk.com/podcast/StutterTalkPositionStatement.mp3,StutterTalk,81,Done,147
Stuttering_is_Cool,583StutterTalk,http://feedproxy.google.com/~r/StutteringIsCool/~5/6ctZYoFLT1o/Stuttering-is-Cool-1st-episode.mp3,StutteringIsCool,0,corrupt,corrupt
Stuttering_is_Cool,583StutterTalk,http://feedproxy.google.com/~r/StutteringIsCool/~5/cgNC5zjE6J4/cool100.mp3,StutteringIsCool,1,corrupt,corrupt
Stuttering_is_Cool,583StutterTalk,http://feedproxy.google.com/~r/StutteringIsCool/~5/LNLU2XfWt8E/cool101.mp3,StutteringIsCool,2,corrupt,corrupt
Stuttering_is_Cool,583StutterTalk,http://feedproxy.google.com/~r/StutteringIsCool/~5/Qp6UWNvsgIY/cool103.mp3,StutteringIsCool,3,corrupt,corrupt
Stuttering_is_Cool,583StutterTalk,http://feedproxy.google.com/~r/StutteringIsCool/~5/tTYb1Z7G9Ss/cool104.mp3,StutteringIsCool,4,corrupt,corrupt
Stuttering_is_Cool,583StutterTalk,http://feedproxy.google.com/~r/StutteringIsCool/~5/Zxg0R7Iv2OA/cool106.mp3,StutteringIsCool,5,corrupt,corrupt
Stuttering_is_Cool,583StutterTalk,http://feedproxy.google.com/~r/StutteringIsCool/~5/XisH14bTWBg/cool107.mp3,StutteringIsCool,6,corrupt,corrupt
Stuttering_is_Cool,583StutterTalk,http://feedproxy.google.com/~r/StutteringIsCool/~5/IAbVF4hfWMM/cool108.mp3,StutteringIsCool,7,corrupt,corrupt
Stuttering_is_Cool,583StutterTalk,http://feedproxy.google.com/~r/StutteringIsCool/~5/JMPBks6CPjQ/cool111.mp3,StutteringIsCool,8,corrupt,corrupt
Stuttering_is_Cool,583StutterTalk,http://feedproxy.google.com/~r/StutteringIsCool/~5/kzY2TcEkN24/cool114.mp3,StutteringIsCool,9,corrupt,corrupt
Stuttering_is_Cool,583StutterTalk,http://feedproxy.google.com/~r/StutteringIsCool/~5/rjR8nbLT8vo/cool115.mp3,StutteringIsCool,10,corrupt,corrupt
Stuttering_is_Cool,583StutterTalk,http://feedproxy.google.com/~r/StutteringIsCool/~5/gXBXKtRsZAA/cool119.mp3,StutteringIsCool,11,corrupt,corrupt
Stuttering_is_Cool,583StutterTalk,http://feedproxy.google.com/~r/StutteringIsCool/~5/3CEkMGmAWxo/cool120.mp3,StutteringIsCool,12,corrupt,corrupt
Stuttering_is_Cool,583StutterTalk,http://feedproxy.google.com/~r/StutteringIsCool/~5/ikhqNWW0ZxY/cool124.mp3,StutteringIsCool,13,corrupt,corrupt
Stuttering_is_Cool,583StutterTalk,http://feedproxy.google.com/~r/StutteringIsCool/~5/ClmJvu5YB6A/cool126.mp3,StutteringIsCool,14,corrupt,corrupt
Stuttering_is_Cool,583StutterTalk,http://feedproxy.google.com/~r/StutteringIsCool/~5/63UHi10te5c/cool127.mp3,StutteringIsCool,15,corrupt,corrupt
Stuttering_is_Cool,583StutterTalk,http://feedproxy.google.com/~r/StutteringIsCool/~5/jX1GvdliLTw/cool131.mp3,StutteringIsCool,16,corrupt,corrupt
Stuttering_is_Cool,583StutterTalk,http://feedproxy.google.com/~r/StutteringIsCool/~5/Tv9772x6y-U/cool133.mp3,StutteringIsCool,17,corrupt,corrupt
Stuttering_is_Cool,583StutterTalk,http://feedproxy.google.com/~r/StutteringIsCool/~5/zgwmEjBpX2Q/cool136.mp3,StutteringIsCool,18,corrupt,corrupt
Stuttering_is_Cool,583StutterTalk,http://feedproxy.google.com/~r/StutteringIsCool/~5/9PfLcPdEWdw/cool137.mp3,StutteringIsCool,19,corrupt,corrupt
Stuttering_is_Cool,583StutterTalk,http://feedproxy.google.com/~r/StutteringIsCool/~5/-uWXGbrUh6w/cool138.mp3,StutteringIsCool,20,corrupt,corrupt
Stuttering_is_Cool,583StutterTalk,http://feedproxy.google.com/~r/StutteringIsCool/~5/Bz2DNrZUIx8/cool140.mp3,StutteringIsCool,21,corrupt,corrupt
Stuttering_is_Cool,583StutterTalk,http://feedproxy.google.com/~r/StutteringIsCool/~5/A4yBT9_XvAQ/cool141.mp3,StutteringIsCool,22,corrupt,corrupt
Stuttering_is_Cool,583StutterTalk,http://feedproxy.google.com/~r/StutteringIsCool/~5/007wXSUoKpw/cool142.mp3,StutteringIsCool,23,corrupt,corrupt
Stuttering_is_Cool,583StutterTalk,http://feedproxy.google.com/~r/StutteringIsCool/~5/7n0GCOnP-Ho/cool143.mp3,StutteringIsCool,24,corrupt,corrupt
Stuttering_is_Cool,583StutterTalk,http://feedproxy.google.com/~r/StutteringIsCool/~5/aMI1Z1jcMCI/cool144.mp3,StutteringIsCool,25,corrupt,corrupt
Stuttering_is_Cool,583StutterTalk,http://feedproxy.google.com/~r/StutteringIsCool/~5/aosVoQKrfE0/cool147.mp3,StutteringIsCool,26,corrupt,corrupt
Stuttering_is_Cool,583StutterTalk,http://feedproxy.google.com/~r/StutteringIsCool/~5/laBdXpp_0Lw/cool148.mp3,StutteringIsCool,27,corrupt,corrupt
Stuttering_is_Cool,583StutterTalk,http://feedproxy.google.com/~r/StutteringIsCool/~5/ywXNNRKkf9Y/cool151.mp3,StutteringIsCool,28,corrupt,corrupt
Stuttering_is_Cool,583StutterTalk,http://feedproxy.google.com/~r/StutteringIsCool/~5/8VkJj43Kktc/cool158.mp3,StutteringIsCool,29,corrupt,corrupt
Stuttering_is_Cool,583StutterTalk,http://feedproxy.google.com/~r/StutteringIsCool/~5/JcWnKjOtuyY/cool159.mp3,StutteringIsCool,30,corrupt,corrupt
Stuttering_is_Cool,583StutterTalk,http://feedproxy.google.com/~r/StutteringIsCool/~5/gVN2kakZXTs/cool160.mp3,StutteringIsCool,31,corrupt,corrupt
Stuttering_is_Cool,583StutterTalk,http://feedproxy.google.com/~r/StutteringIsCool/~5/6cQtXSy6BEI/cool163.mp3,StutteringIsCool,32,corrupt,corrupt
Stuttering_is_Cool,583StutterTalk,http://feedproxy.google.com/~r/StutteringIsCool/~5/byBWDpkJlWY/cool166.mp3,StutteringIsCool,33,corrupt,corrupt
Stuttering_is_Cool,583StutterTalk,http://feedproxy.google.com/~r/StutteringIsCool/~5/q0AgOhvk7cs/cool167.mp3,StutteringIsCool,34,corrupt,corrupt
Stuttering_is_Cool,583StutterTalk,http://feedproxy.google.com/~r/StutteringIsCool/~5/B4IYZVBOJdg/cool169.mp3,StutteringIsCool,35,corrupt,corrupt
Stuttering_is_Cool,583StutterTalk,http://feedproxy.google.com/~r/StutteringIsCool/~5/TjArmv9HVak/cool170.mp3,StutteringIsCool,36,corrupt,corrupt
Stuttering_is_Cool,583StutterTalk,http://feedproxy.google.com/~r/StutteringIsCool/~5/vmasUslk59U/cool173.mp3,StutteringIsCool,37,corrupt,corrupt
Stuttering_is_Cool,583StutterTalk,http://feedproxy.google.com/~r/StutteringIsCool/~5/qwuNYfcFc7I/cool174.mp3,StutteringIsCool,38,corrupt,corrupt
Stuttering_is_Cool,583StutterTalk,http://feedproxy.google.com/~r/StutteringIsCool/~5/1mZVOjJVSHk/cool176.mp3,StutteringIsCool,39,corrupt,corrupt
Stuttering_is_Cool,583StutterTalk,http://feedproxy.google.com/~r/StutteringIsCool/~5/VtkWsaG5lpY/cool177.mp3,StutteringIsCool,40,corrupt,corrupt
Stuttering_is_Cool,583StutterTalk,http://feedproxy.google.com/~r/StutteringIsCool/~5/ulah-lx71kA/cool178.mp3,StutteringIsCool,41,corrupt,corrupt
Stuttering_is_Cool,583StutterTalk,http://feedproxy.google.com/~r/StutteringIsCool/~5/gmsdy5yK-pA/cool179.mp3,StutteringIsCool,42,corrupt,corrupt
Stuttering_is_Cool,583StutterTalk,http://feedproxy.google.com/~r/StutteringIsCool/~5/MIO0zpN7zSQ/cool183.mp3,StutteringIsCool,43,corrupt,corrupt
Stuttering_is_Cool,583StutterTalk,http://feedproxy.google.com/~r/StutteringIsCool/~5/2VUkB4F2d5A/cool190.mp3,StutteringIsCool,44,corrupt,corrupt
Stuttering_is_Cool,583StutterTalk,http://feedproxy.google.com/~r/StutteringIsCool/~5/dJ9I_oPRfP8/cool191.mp3,StutteringIsCool,45,corrupt,corrupt
Stuttering_is_Cool,583StutterTalk,http://feedproxy.google.com/~r/StutteringIsCool/~5/boIxAGW0qRw/cool193.mp3,StutteringIsCool,46,corrupt,corrupt
Stuttering_is_Cool,583StutterTalk,http://feedproxy.google.com/~r/StutteringIsCool/~5/x6_DC6Ffdo0/cool194.mp3,StutteringIsCool,47,corrupt,corrupt
Stuttering_is_Cool,583StutterTalk,http://feedproxy.google.com/~r/StutteringIsCool/~5/_fkLeTVt3AM/cool195.mp3,StutteringIsCool,48,corrupt,corrupt
Stuttering_is_Cool,583StutterTalk,http://feedproxy.google.com/~r/StutteringIsCool/~5/aqoBMF32e0c/cool196.mp3,StutteringIsCool,49,corrupt,corrupt
Stuttering_is_Cool,583StutterTalk,http://feedproxy.google.com/~r/StutteringIsCool/~5/3P0LG_ORg-I/cool197.mp3,StutteringIsCool,50,corrupt,corrupt
Stuttering_is_Cool,583StutterTalk,http://feedproxy.google.com/~r/StutteringIsCool/~5/t9gg0w5W_7I/cool203.mp3,StutteringIsCool,51,corrupt,corrupt
Stuttering_is_Cool,583StutterTalk,http://feedproxy.google.com/~r/StutteringIsCool/~5/rqbohFps7GA/cool204.mp3,StutteringIsCool,52,corrupt,corrupt
Stuttering_is_Cool,583StutterTalk,http://feedproxy.google.com/~r/StutteringIsCool/~5/GJ9ql1cm4u0/cool206.mp3,StutteringIsCool,53,corrupt,corrupt
Stuttering_is_Cool,583StutterTalk,http://feedproxy.google.com/~r/StutteringIsCool/~5/4ybos2J76tE/cool207.mp3,StutteringIsCool,54,corrupt,corrupt
Stuttering_is_Cool,583StutterTalk,http://feedproxy.google.com/~r/StutteringIsCool/~5/V4ca5zvoHrY/cool209.mp3,StutteringIsCool,55,corrupt,corrupt
Stuttering_is_Cool,583StutterTalk,http://feedproxy.google.com/~r/StutteringIsCool/~5/atEQZbqkkEw/cool210.mp3,StutteringIsCool,56,corrupt,corrupt
Stuttering_is_Cool,583StutterTalk,http://feedproxy.google.com/~r/StutteringIsCool/~5/pA0nJsjSsAw/cool211.mp3,StutteringIsCool,57,corrupt,corrupt
Stuttering_is_Cool,583StutterTalk,http://feedproxy.google.com/~r/StutteringIsCool/~5/748-rTwjGGk/cool213.mp3,StutteringIsCool,58,corrupt,corrupt
Stuttering_is_Cool,583StutterTalk,http://feedproxy.google.com/~r/StutteringIsCool/~5/GcxpkNUrUBg/cool214.mp3,StutteringIsCool,59,corrupt,corrupt
Stuttering_is_Cool,583StutterTalk,http://feedproxy.google.com/~r/StutteringIsCool/~5/iBhx4fsdxCY/cool215.mp3,StutteringIsCool,60,corrupt,corrupt
Stuttering_is_Cool,583StutterTalk,http://feedproxy.google.com/~r/StutteringIsCool/~5/VJfW0AyhTQo/cool216.mp3,StutteringIsCool,61,corrupt,corrupt
Stuttering_is_Cool,583StutterTalk,http://feedproxy.google.com/~r/StutteringIsCool/~5/9rXCRdRB6pY/cool218.mp3,StutteringIsCool,62,corrupt,corrupt
Stuttering_is_Cool,583StutterTalk,http://feedproxy.google.com/~r/StutteringIsCool/~5/6M1i2lOeo-o/cool219.mp3,StutteringIsCool,63,corrupt,corrupt
Stuttering_is_Cool,583StutterTalk,http://feedproxy.google.com/~r/StutteringIsCool/~5/1a2DKTQR91M/cool221.mp3,StutteringIsCool,64,corrupt,corrupt
Stuttering_is_Cool,583StutterTalk,http://feedproxy.google.com/~r/StutteringIsCool/~5/Dr_UOEleklQ/cool222.mp3,StutteringIsCool,65,corrupt,corrupt
Stuttering_is_Cool,583StutterTalk,http://feedproxy.google.com/~r/StutteringIsCool/~5/iQgqfohlopE/cool224.mp3,StutteringIsCool,66,corrupt,corrupt
Stuttering_is_Cool,583StutterTalk,http://feedproxy.google.com/~r/StutteringIsCool/~5/ra3sLT1FX5g/cool225.mp3,StutteringIsCool,67,corrupt,corrupt
Stuttering_is_Cool,583StutterTalk,http://feedproxy.google.com/~r/StutteringIsCool/~5/Ujixf9AQrXA/cool227.mp3,StutteringIsCool,68,corrupt,corrupt
Stuttering_is_Cool,583StutterTalk,http://feedproxy.google.com/~r/StutteringIsCool/~5/2IPRbWwaer8/cool230.mp3,StutteringIsCool,69,corrupt,corrupt
Stuttering_is_Cool,583StutterTalk,http://feedproxy.google.com/~r/StutteringIsCool/~5/c2cVE5sHZPo/cool234.mp3,StutteringIsCool,70,corrupt,corrupt
Stuttering_is_Cool,583StutterTalk,http://feedproxy.google.com/~r/StutteringIsCool/~5/0aaFcX8c9p4/cool235.mp3,StutteringIsCool,71,corrupt,corrupt
Stuttering_is_Cool,583StutterTalk,http://feedproxy.google.com/~r/StutteringIsCool/~5/y-StkZTcaj8/cool237.mp3,StutteringIsCool,72,corrupt,corrupt
Stuttering_is_Cool,583StutterTalk,http://feedproxy.google.com/~r/StutteringIsCool/~5/d1BYcfh5JDU/cool238.mp3,StutteringIsCool,73,corrupt,corrupt
Stuttering_is_Cool,583StutterTalk,http://feedproxy.google.com/~r/StutteringIsCool/~5/3gKtIMjoYMQ/cool239.mp3,StutteringIsCool,74,corrupt,corrupt
Stuttering_is_Cool,583StutterTalk,http://feedproxy.google.com/~r/StutteringIsCool/~5/lm91PvoJibw/cool240.mp3,StutteringIsCool,75,corrupt,corrupt
Stuttering_is_Cool,583StutterTalk,http://feedproxy.google.com/~r/StutteringIsCool/~5/WSxSYwkLxlE/cool242.mp3,StutteringIsCool,76,corrupt,corrupt
Stuttering_is_Cool,583StutterTalk,http://feedproxy.google.com/~r/StutteringIsCool/~5/O9I3MmDtoXU/cool244.mp3,StutteringIsCool,77,corrupt,corrupt
Stuttering_is_Cool,583StutterTalk,http://feedproxy.google.com/~r/StutteringIsCool/~5/vC8mUuQn2Kk/cool54.mp3,StutteringIsCool,78,corrupt,corrupt
Stuttering_is_Cool,583StutterTalk,http://feedproxy.google.com/~r/StutteringIsCool/~5/aTTaOZtXQPM/cool66.mp3,StutteringIsCool,79,corrupt,corrupt
Stuttering_is_Cool,583StutterTalk,http://feedproxy.google.com/~r/StutteringIsCool/~5/iYmOU25-j58/cool81.mp3,StutteringIsCool,80,corrupt,corrupt
Stuttering_is_Cool,583StutterTalk,http://feedproxy.google.com/~r/StutteringIsCool/~5/FTcU1d4AXvk/cool84.mp3,StutteringIsCool,81,corrupt,corrupt
Stuttering_is_Cool,583StutterTalk,http://feedproxy.google.com/~r/StutteringIsCool/~5/ya6WZPxM3ew/cool99.mp3,StutteringIsCool,82,corrupt,corrupt
Stuttering_is_Cool,583StutterTalk,http://feedproxy.google.com/~r/StutteringIsCool/~5/7gLFtvbnyhM/mochaccino-and-seesmic.mp3,StutteringIsCool,83,corrupt,corrupt
Stuttering_is_Cool,583StutterTalk,http://feedproxy.google.com/~r/StutteringIsCool/~5/4t6Rp7RHuSI/shovelling-the-driveway.mp3,StutteringIsCool,84,corrupt,corrupt
Women_Who_Stutter_Podcast_–_Make_Room_For_The_Stuttering,cool148,https://stutterrockstar.files.wordpress.com/2013/10/eoisode-110-with-carolina.mp3,WomenWhoStutter,0,corrupt,corrupt
Women_Who_Stutter_Podcast_–_Make_Room_For_The_Stuttering,cool148,https://stutterrockstar.files.wordpress.com/2013/02/episode-100-with-tamara.mp3,WomenWhoStutter,1,corrupt,corrupt
Women_Who_Stutter_Podcast_–_Make_Room_For_The_Stuttering,cool148,https://stutterrockstar.files.wordpress.com/2013/02/episode-101-with-3-ladies.mp3,WomenWhoStutter,2,corrupt,corrupt
Women_Who_Stutter_Podcast_–_Make_Room_For_The_Stuttering,cool148,https://stutterrockstar.files.wordpress.com/2013/05/episode-103-w-rachel-mccullough.mp3,WomenWhoStutter,3,corrupt,corrupt
Women_Who_Stutter_Podcast_–_Make_Room_For_The_Stuttering,cool148,https://stutterrockstar.files.wordpress.com/2013/06/episode-104-w-jessica-stone.mp3,WomenWhoStutter,4,corrupt,corrupt
Women_Who_Stutter_Podcast_–_Make_Room_For_The_Stuttering,cool148,https://stutterrockstar.files.wordpress.com/2013/07/episode-106-with-amey.mp3,WomenWhoStutter,5,Done,148
Women_Who_Stutter_Podcast_–_Make_Room_For_The_Stuttering,cool148,https://stutterrockstar.files.wordpress.com/2013/08/episode-107-with-rachel-martinez.mp3,WomenWhoStutter,6,Done,149
Women_Who_Stutter_Podcast_–_Make_Room_For_The_Stuttering,cool148,https://stutterrockstar.files.wordpress.com/2013/08/episode-108-with-roisin.mp3,WomenWhoStutter,7,Done,150
Women_Who_Stutter_Podcast_–_Make_Room_For_The_Stuttering,cool148,https://stutterrockstar.files.wordpress.com/2013/10/episode-109-with-nelly.mp3,WomenWhoStutter,8,Done,151
Women_Who_Stutter_Podcast_–_Make_Room_For_The_Stuttering,cool148,https://stutterrockstar.files.wordpress.com/2013/11/episode-111-with-lois-cookie.mp3,WomenWhoStutter,9,Done,152
Women_Who_Stutter_Podcast_–_Make_Room_For_The_Stuttering,cool148,https://stutterrockstar.files.wordpress.com/2014/02/episode-113-with-sarah-o.mp3,WomenWhoStutter,10,Done,153
Women_Who_Stutter_Podcast_–_Make_Room_For_The_Stuttering,cool148,https://stutterrockstar.files.wordpress.com/2014/03/episode-114-with-courteny.mp3,WomenWhoStutter,11,Done,154
Women_Who_Stutter_Podcast_–_Make_Room_For_The_Stuttering,cool148,https://stutterrockstar.files.wordpress.com/2014/03/episode-115-with-cora.mp3,WomenWhoStutter,12,Done,155
Women_Who_Stutter_Podcast_–_Make_Room_For_The_Stuttering,cool148,https://stutterrockstar.files.wordpress.com/2014/05/episode-117-with-jamila.mp3,WomenWhoStutter,13,Done,156
Women_Who_Stutter_Podcast_–_Make_Room_For_The_Stuttering,cool148,https://stutterrockstar.files.wordpress.com/2014/05/episode-118-with-natalie.mp3,WomenWhoStutter,14,Done,157
Women_Who_Stutter_Podcast_–_Make_Room_For_The_Stuttering,cool148,https://stutterrockstar.files.wordpress.com/2014/07/episode-122-with-yousra.mp3,WomenWhoStutter,15,Done,158
Women_Who_Stutter_Podcast_–_Make_Room_For_The_Stuttering,cool148,https://stutterrockstar.files.wordpress.com/2014/07/episode-123-with-carmen.mp3,WomenWhoStutter,16,Done,159
Women_Who_Stutter_Podcast_–_Make_Room_For_The_Stuttering,cool148,https://stutterrockstar.files.wordpress.com/2014/07/episode-124-with-natalie-b.mp3,WomenWhoStutter,17,Done,160
Women_Who_Stutter_Podcast_–_Make_Room_For_The_Stuttering,cool148,https://stutterrockstar.files.wordpress.com/2014/08/episode-125-with-satu.mp3,WomenWhoStutter,18,Done,161
Women_Who_Stutter_Podcast_–_Make_Room_For_The_Stuttering,cool148,https://stutterrockstar.files.wordpress.com/2014/08/episode-126-w-christine-b.mp3,WomenWhoStutter,19,Done,162
Women_Who_Stutter_Podcast_–_Make_Room_For_The_Stuttering,cool148,https://stutterrockstar.files.wordpress.com/2014/08/episode-127-with-annie-b.mp3,WomenWhoStutter,20,Done,163
Women_Who_Stutter_Podcast_–_Make_Room_For_The_Stuttering,cool148,https://stutterrockstar.files.wordpress.com/2014/08/episode-128-with-farah.mp3,WomenWhoStutter,21,Done,164
Women_Who_Stutter_Podcast_–_Make_Room_For_The_Stuttering,cool148,https://stutterrockstar.files.wordpress.com/2014/09/episode-129-with-lashanda.mp3,WomenWhoStutter,22,Done,165
Women_Who_Stutter_Podcast_–_Make_Room_For_The_Stuttering,cool148,https://stutterrockstar.files.wordpress.com/2014/10/episode-130-with-debbie.mp3,WomenWhoStutter,23,Done,166
Women_Who_Stutter_Podcast_–_Make_Room_For_The_Stuttering,cool148,https://stutterrockstar.files.wordpress.com/2014/11/episode-131-with-vanna.mp3,WomenWhoStutter,24,Done,167
Women_Who_Stutter_Podcast_–_Make_Room_For_The_Stuttering,cool148,https://stutterrockstar.files.wordpress.com/2014/12/episode-132-with-emma.mp3,WomenWhoStutter,25,corrupt,corrupt
Women_Who_Stutter_Podcast_–_Make_Room_For_The_Stuttering,cool148,https://stutterrockstar.files.wordpress.com/2015/01/episode-133-with-shilpa.mp3,WomenWhoStutter,26,corrupt,corrupt
Women_Who_Stutter_Podcast_–_Make_Room_For_The_Stuttering,cool148,https://stutterrockstar.files.wordpress.com/2015/01/episode-134-with-margaret.mp3,WomenWhoStutter,27,corrupt,corrupt
Women_Who_Stutter_Podcast_–_Make_Room_For_The_Stuttering,cool148,https://stutterrockstar.files.wordpress.com/2015/03/episode-136-with-dori.mp3,WomenWhoStutter,28,corrupt,corrupt
Women_Who_Stutter_Podcast_–_Make_Room_For_The_Stuttering,cool148,https://stutterrockstar.files.wordpress.com/2015/03/episode-137-with-autumn.mp3,WomenWhoStutter,29,corrupt,corrupt
Women_Who_Stutter_Podcast_–_Make_Room_For_The_Stuttering,cool148,https://stutterrockstar.files.wordpress.com/2015/04/episode-138-with-mery.mp3,WomenWhoStutter,30,corrupt,corrupt
Women_Who_Stutter_Podcast_–_Make_Room_For_The_Stuttering,cool148,https://stutterrockstar.files.wordpress.com/2015/04/episode-139-with-heidi.mp3,WomenWhoStutter,31,Done,168
Women_Who_Stutter_Podcast_–_Make_Room_For_The_Stuttering,cool148,https://stutterrockstar.files.wordpress.com/2015/05/episode-140-with-debbie-riordan.mp3,WomenWhoStutter,32,Done,169
Women_Who_Stutter_Podcast_–_Make_Room_For_The_Stuttering,cool148,https://stutterrockstar.files.wordpress.com/2015/07/episode-143-with-samantha-temme.mp3,WomenWhoStutter,33,Done,170
Women_Who_Stutter_Podcast_–_Make_Room_For_The_Stuttering,cool148,https://stutterrockstar.files.wordpress.com/2015/08/episode-144-with-briana-p.mp3,WomenWhoStutter,34,Done,171
Women_Who_Stutter_Podcast_–_Make_Room_For_The_Stuttering,cool148,https://stutterrockstar.files.wordpress.com/2015/08/episode-145-with-bernice.mp3,WomenWhoStutter,35,Done,172
Women_Who_Stutter_Podcast_–_Make_Room_For_The_Stuttering,cool148,http://stutterrockstar.files.wordpress.com/2015/08/episode-146-with-kelly.mp3,WomenWhoStutter,36,Done,173
Women_Who_Stutter_Podcast_–_Make_Room_For_The_Stuttering,cool148,https://stutterrockstar.files.wordpress.com/2015/09/episode-147-with-mona.mp3,WomenWhoStutter,37,Done,174
Women_Who_Stutter_Podcast_–_Make_Room_For_The_Stuttering,cool148,https://stutterrockstar.files.wordpress.com/2016/04/episode-153-with-lisa-costello.mp3,WomenWhoStutter,38,Done,175
Women_Who_Stutter_Podcast_–_Make_Room_For_The_Stuttering,cool148,https://stutterrockstar.files.wordpress.com/2016/05/episode-155-with-megan-aldrich.mp3,WomenWhoStutter,39,Done,176
Women_Who_Stutter_Podcast_–_Make_Room_For_The_Stuttering,cool148,https://stutterrockstar.files.wordpress.com/2016/05/episode-156-with-elizabeth-w.mp3,WomenWhoStutter,40,Done,177
Women_Who_Stutter_Podcast_–_Make_Room_For_The_Stuttering,cool148,https://stutterrockstar.files.wordpress.com/2016/06/episode-157-with-haley-mitchem.mp3,WomenWhoStutter,41,Done,178
Women_Who_Stutter_Podcast_–_Make_Room_For_The_Stuttering,cool148,https://stutterrockstar.files.wordpress.com/2016/06/episode-158-with-jennifer-allaby.mp3,WomenWhoStutter,42,Done,179
Women_Who_Stutter_Podcast_–_Make_Room_For_The_Stuttering,cool148,https://stutterrockstar.files.wordpress.com/2016/06/episode-159-with-jaime-habing.mp3,WomenWhoStutter,43,Done,180
Women_Who_Stutter_Podcast_–_Make_Room_For_The_Stuttering,cool148,https://stutterrockstar.files.wordpress.com/2016/07/episode-160-with-bailey-palmer.mp3,WomenWhoStutter,44,Done,181
Women_Who_Stutter_Podcast_–_Make_Room_For_The_Stuttering,cool148,https://stutterrockstar.files.wordpress.com/2016/08/episode-161-with-lynne-mackie.mp3,WomenWhoStutter,45,Done,182
Women_Who_Stutter_Podcast_–_Make_Room_For_The_Stuttering,cool148,https://stutterrockstar.files.wordpress.com/2016/09/episode-162-with-alex.mp3,WomenWhoStutter,46,Done,183
Women_Who_Stutter_Podcast_–_Make_Room_For_The_Stuttering,cool148,https://stutterrockstar.files.wordpress.com/2016/09/episode-163-with-chani.mp3,WomenWhoStutter,47,Done,184
Women_Who_Stutter_Podcast_–_Make_Room_For_The_Stuttering,cool148,https://stutterrockstar.files.wordpress.com/2016/11/episode-165-with-emily-purkey.mp3,WomenWhoStutter,48,Done,185
Women_Who_Stutter_Podcast_–_Make_Room_For_The_Stuttering,cool148,https://stutterrockstar.files.wordpress.com/2017/02/episode-166-with-kim-block.mp3,WomenWhoStutter,49,Done,186
Women_Who_Stutter_Podcast_–_Make_Room_For_The_Stuttering,cool148,https://stutterrockstar.files.wordpress.com/2017/02/episode-167-with-hazel.mp3,WomenWhoStutter,50,Done,187
Women_Who_Stutter_Podcast_–_Make_Room_For_The_Stuttering,cool148,https://stutterrockstar.files.wordpress.com/2017/03/episode-168-with-hannah-smith.mp3,WomenWhoStutter,51,corrupt,corrupt
Women_Who_Stutter_Podcast_–_Make_Room_For_The_Stuttering,cool148,https://stutterrockstar.files.wordpress.com/2017/03/episode-169-with-yara.mp3,WomenWhoStutter,52,Done,188
Women_Who_Stutter_Podcast_–_Make_Room_For_The_Stuttering,cool148,https://stutterrockstar.files.wordpress.com/2017/06/episode-170-with-pooja-vijay.mp3,WomenWhoStutter,53,Done,189
Women_Who_Stutter_Podcast_–_Make_Room_For_The_Stuttering,cool148,https://stutterrockstar.files.wordpress.com/2017/09/episode-171-with-catherine.mp3,WomenWhoStutter,54,corrupt,corrupt
Women_Who_Stutter_Podcast_–_Make_Room_For_The_Stuttering,cool148,https://stutterrockstar.files.wordpress.com/2017/11/episode-172-with-jaymie-h.mp3,WomenWhoStutter,55,Done,190
Women_Who_Stutter_Podcast_–_Make_Room_For_The_Stuttering,cool148,https://stutterrockstar.files.wordpress.com/2018/04/episode-175-with-rachel-hoge-second-time.mp3,WomenWhoStutter,56,Done,191
Women_Who_Stutter_Podcast_–_Make_Room_For_The_Stuttering,cool148,https://stutterrockstar.files.wordpress.com/2018/04/episode-176-with-lisa-wilder.mp3,WomenWhoStutter,57,Done,192
Women_Who_Stutter_Podcast_–_Make_Room_For_The_Stuttering,cool148,https://stutterrockstar.files.wordpress.com/2018/05/episode-177-with-claire-norman.mp3,WomenWhoStutter,58,Done,193
Women_Who_Stutter_Podcast_–_Make_Room_For_The_Stuttering,cool148,https://stutterrockstar.files.wordpress.com/2018/06/episode-178-with-annie.mp3,WomenWhoStutter,59,Done,194
Women_Who_Stutter_Podcast_–_Make_Room_For_The_Stuttering,cool148,https://stutterrockstar.files.wordpress.com/2018/06/episode-180-with-petra-a.mp3,WomenWhoStutter,60,Done,195
Women_Who_Stutter_Podcast_–_Make_Room_For_The_Stuttering,cool148,https://stutterrockstar.files.wordpress.com/2018/07/episode-181-with-mikaela.mp3,WomenWhoStutter,61,Done,196
Women_Who_Stutter_Podcast_–_Make_Room_For_The_Stuttering,cool148,https://stutterrockstar.files.wordpress.com/2018/07/episode-183-with-emily-anderson.mp3,WomenWhoStutter,62,Done,197
Women_Who_Stutter_Podcast_–_Make_Room_For_The_Stuttering,cool148,https://stutterrockstar.files.wordpress.com/2018/08/episode-185-with-natalie-park.mp3,WomenWhoStutter,63,Done,198
Women_Who_Stutter_Podcast_–_Make_Room_For_The_Stuttering,cool148,https://stutterrockstar.files.wordpress.com/2018/08/episode-186-with-maddy-b.mp3,WomenWhoStutter,64,Done,199
Women_Who_Stutter_Podcast_–_Make_Room_For_The_Stuttering,cool148,https://stutterrockstar.files.wordpress.com/2018/08/episode-187-with-christine-bsa.mp3,WomenWhoStutter,65,Done,200
Women_Who_Stutter_Podcast_–_Make_Room_For_The_Stuttering,cool148,https://stutterrockstar.files.wordpress.com/2018/08/episode-188-with-sarah-albannay.mp3,WomenWhoStutter,66,Done,201
Women_Who_Stutter_Podcast_–_Make_Room_For_The_Stuttering,cool148,https://stutterrockstar.files.wordpress.com/2018/10/episode-191-with-mara-o.mp3,WomenWhoStutter,67,Done,202
Women_Who_Stutter_Podcast_–_Make_Room_For_The_Stuttering,cool148,https://stutterrockstar.files.wordpress.com/2018/11/episode-192-with-grace-mcmahon.mp3,WomenWhoStutter,68,Done,203
Women_Who_Stutter_Podcast_–_Make_Room_For_The_Stuttering,cool148,https://stutterrockstar.files.wordpress.com/2018/11/episode-193-with-hannah-dunn.mp3,WomenWhoStutter,69,Done,204
Women_Who_Stutter_Podcast_–_Make_Room_For_The_Stuttering,cool148,https://stutterrockstar.files.wordpress.com/2019/02/episode-194-with-adrienne.mp3,WomenWhoStutter,70,Done,205
Women_Who_Stutter_Podcast_–_Make_Room_For_The_Stuttering,cool148,https://stutterrockstar.files.wordpress.com/2019/02/episode-195-with-aileen-q.mp3,WomenWhoStutter,71,Done,206
Women_Who_Stutter_Podcast_–_Make_Room_For_The_Stuttering,cool148,https://stutterrockstar.files.wordpress.com/2019/03/episode-196-with-yuka.mp3,WomenWhoStutter,72,Done,207
Women_Who_Stutter_Podcast_–_Make_Room_For_The_Stuttering,cool148,https://stutterrockstar.files.wordpress.com/2019/04/episode-197-with-madeleine-maccar.mp3,WomenWhoStutter,73,Done,208
Women_Who_Stutter_Podcast_–_Make_Room_For_The_Stuttering,cool148,https://stutterrockstar.files.wordpress.com/2019/04/episode-198-with-alecia-s-m.mp3,WomenWhoStutter,74,Done,209
Women_Who_Stutter_Podcast_–_Make_Room_For_The_Stuttering,cool148,https://stutterrockstar.files.wordpress.com/2019/05/episode-199-with-anje-herde.mp3,WomenWhoStutter,75,Done,210
Women_Who_Stutter_Podcast_–_Make_Room_For_The_Stuttering,cool148,https://stutterrockstar.files.wordpress.com/2019/06/episode-201-with-juliette.mp3,WomenWhoStutter,76,Done,211
Women_Who_Stutter_Podcast_–_Make_Room_For_The_Stuttering,cool148,https://stutterrockstar.files.wordpress.com/2019/06/episode-202-with-ariel.mp3,WomenWhoStutter,77,Done,212
Women_Who_Stutter_Podcast_–_Make_Room_For_The_Stuttering,cool148,https://stutterrockstar.files.wordpress.com/2019/07/episode-203-with-maryann-nelson.mp3,WomenWhoStutter,78,Done,213
Women_Who_Stutter_Podcast_–_Make_Room_For_The_Stuttering,cool148,https://stutterrockstar.files.wordpress.com/2019/07/episode-204-with-pauline.mp3,WomenWhoStutter,79,Done,214
Women_Who_Stutter_Podcast_–_Make_Room_For_The_Stuttering,cool148,https://stutterrockstar.files.wordpress.com/2019/08/episode-205-with-danette.mp3,WomenWhoStutter,80,Done,215
Women_Who_Stutter_Podcast_–_Make_Room_For_The_Stuttering,cool148,https://stutterrockstar.files.wordpress.com/2019/09/episode-206-with-isabell-rennie.mp3,WomenWhoStutter,81,Done,216
Women_Who_Stutter_Podcast_–_Make_Room_For_The_Stuttering,cool148,https://stutterrockstar.files.wordpress.com/2019/09/episode-208-with-kelsey-h.mp3,WomenWhoStutter,82,Done,217
Women_Who_Stutter_Podcast_–_Make_Room_For_The_Stuttering,cool148,https://stutterrockstar.files.wordpress.com/2019/11/episode-210-with-dana.mp3,WomenWhoStutter,83,Done,218
Women_Who_Stutter_Podcast_–_Make_Room_For_The_Stuttering,cool148,https://stutterrockstar.files.wordpress.com/2020/01/episode-212-with-michele-delo.mp3,WomenWhoStutter,84,Done,219
Women_Who_Stutter_Podcast_–_Make_Room_For_The_Stuttering,cool148,https://stutterrockstar.files.wordpress.com/2020/03/episode-213-pam-solo-march-20.mp3,WomenWhoStutter,85,Done,220
Women_Who_Stutter_Podcast_–_Make_Room_For_The_Stuttering,cool148,https://stutterrockstar.files.wordpress.com/2020/03/episode-214-pam-on-alone-together.mp3,WomenWhoStutter,86,Done,221
Women_Who_Stutter_Podcast_–_Make_Room_For_The_Stuttering,cool148,https://stutterrockstar.files.wordpress.com/2020/04/episode-216-with-sam-and-patrick.mp3,WomenWhoStutter,87,Done,222
Women_Who_Stutter_Podcast_–_Make_Room_For_The_Stuttering,cool148,http://stutterrockstar.files.wordpress.com/2011/10/episode-71-with-megan.mp3,WomenWhoStutter,88,Done,223
Women_Who_Stutter_Podcast_–_Make_Room_For_The_Stuttering,cool148,http://stutterrockstar.files.wordpress.com/2011/11/episode-72-with-janet.mp3,WomenWhoStutter,89,Done,224
Women_Who_Stutter_Podcast_–_Make_Room_For_The_Stuttering,cool148,http://stutterrockstar.files.wordpress.com/2011/11/episode-73-with-jeni-avi.mp3,WomenWhoStutter,90,Done,225
Women_Who_Stutter_Podcast_–_Make_Room_For_The_Stuttering,cool148,http://stutterrockstar.files.wordpress.com/2011/12/episode-75-with-kelsey.mp3,WomenWhoStutter,91,Done,226
Women_Who_Stutter_Podcast_–_Make_Room_For_The_Stuttering,cool148,http://stutterrockstar.files.wordpress.com/2011/12/episode-76-with-andrea.mp3,WomenWhoStutter,92,Done,227
Women_Who_Stutter_Podcast_–_Make_Room_For_The_Stuttering,cool148,http://stutterrockstar.files.wordpress.com/2012/01/episode-77-w-lotte.mp3,WomenWhoStutter,93,Done,228
Women_Who_Stutter_Podcast_–_Make_Room_For_The_Stuttering,cool148,http://stutterrockstar.files.wordpress.com/2012/01/episode-78-with-fianna.mp3,WomenWhoStutter,94,Done,229
Women_Who_Stutter_Podcast_–_Make_Room_For_The_Stuttering,cool148,https://stutterrockstar.files.wordpress.com/2012/01/episode-79-with-jacquelyn.mp3,WomenWhoStutter,95,Done,230
Women_Who_Stutter_Podcast_–_Make_Room_For_The_Stuttering,cool148,https://stutterrockstar.files.wordpress.com/2012/02/episode-81-with-vivian.mp3,WomenWhoStutter,96,Done,231
Women_Who_Stutter_Podcast_–_Make_Room_For_The_Stuttering,cool148,https://stutterrockstar.files.wordpress.com/2012/02/episode-82-with-jamie.mp3,WomenWhoStutter,97,Done,232
Women_Who_Stutter_Podcast_–_Make_Room_For_The_Stuttering,cool148,https://stutterrockstar.files.wordpress.com/2012/05/episode-86-with-emily.mp3,WomenWhoStutter,98,Done,233
Women_Who_Stutter_Podcast_–_Make_Room_For_The_Stuttering,cool148,https://stutterrockstar.files.wordpress.com/2012/06/episode-87-with-molly.mp3,WomenWhoStutter,99,Done,234
Women_Who_Stutter_Podcast_–_Make_Room_For_The_Stuttering,cool148,https://stutterrockstar.files.wordpress.com/2012/07/episode-88-with-anna-deeter.mp3,WomenWhoStutter,100,Done,235
Women_Who_Stutter_Podcast_–_Make_Room_For_The_Stuttering,cool148,https://stutterrockstar.files.wordpress.com/2012/07/episode-89-with-mandy.mp3,WomenWhoStutter,101,Done,236
Women_Who_Stutter_Podcast_–_Make_Room_For_The_Stuttering,cool148,https://stutterrockstar.files.wordpress.com/2012/08/episode-90-with-briana.mp3,WomenWhoStutter,102,Done,237
Women_Who_Stutter_Podcast_–_Make_Room_For_The_Stuttering,cool148,https://stutterrockstar.files.wordpress.com/2012/09/episode-91-with-annie.mp3,WomenWhoStutter,103,Done,238
Women_Who_Stutter_Podcast_–_Make_Room_For_The_Stuttering,cool148,https://stutterrockstar.files.wordpress.com/2012/09/episode-92-with-ruth.mp3,WomenWhoStutter,104,Done,239
Women_Who_Stutter_Podcast_–_Make_Room_For_The_Stuttering,cool148,https://stutterrockstar.files.wordpress.com/2012/10/episode-93-w-barbara-dahm.mp3,WomenWhoStutter,105,Done,240
Women_Who_Stutter_Podcast_–_Make_Room_For_The_Stuttering,cool148,https://stutterrockstar.files.wordpress.com/2012/10/episode-94-w-just-pam.mp3,WomenWhoStutter,106,Done,241
Women_Who_Stutter_Podcast_–_Make_Room_For_The_Stuttering,cool148,https://stutterrockstar.files.wordpress.com/2012/11/episode-95-with-caitlyn.mp3,WomenWhoStutter,107,Done,242
Women_Who_Stutter_Podcast_–_Make_Room_For_The_Stuttering,cool148,https://stutterrockstar.files.wordpress.com/2012/12/episode-96-with-kelsey-smith.mp3,WomenWhoStutter,108,Done,243
Women_Who_Stutter_Podcast_–_Make_Room_For_The_Stuttering,cool148,https://stutterrockstar.files.wordpress.com/2013/01/episode-97-with-chloe-w.mp3,WomenWhoStutter,109,Done,244